0	GGGGCGGCCCAGGAAGCGGCTTG	3691	44.9136042832806	17	['G', 'G', 'C', 'G', 'G', 'C', 'C', 'C', 'A', 'G', 'A', 'A', 'G', 'G', 'G', 'C', 'T']	[0, 3, 4, 5, 6, 7, 8, 9, 10, 11, 13, 14, 15, 17, 18, 19, 21]
1	GGGGCGGCCCAGGAAGCGGCTGG	362	4.404964711608663	16	['G', 'G', 'C', 'G', 'G', 'C', 'C', 'C', 'A', 'G', 'A', 'A', 'G', 'G', 'G', 'C']	[0, 3, 4, 5, 6, 7, 8, 9, 10, 11, 13, 14, 15, 17, 18, 19]
2	GGGACGGCCCAGGAAGCGGCTTG	254	3.090776344609394	16	['G', 'C', 'G', 'G', 'C', 'C', 'C', 'A', 'G', 'A', 'A', 'G', 'G', 'G', 'C', 'T']	[0, 4, 5, 6, 7, 8, 9, 10, 11, 13, 14, 15, 17, 18, 19, 21]
3	GGGGCGGCCCAGGCAGCGGCTTG	238	2.896081771720613	16	['G', 'G', 'C', 'G', 'G', 'C', 'C', 'C', 'A', 'G', 'A', 'G', 'G', 'G', 'C', 'T']	[0, 3, 4, 5, 6, 7, 8, 9, 10, 11, 14, 15, 17, 18, 19, 21]
4	GGGGCGGCCCAGGAAGCCACTTG	197	2.3971769286931126	15	['G', 'G', 'C', 'G', 'G', 'C', 'C', 'C', 'A', 'G', 'A', 'A', 'G', 'C', 'T']	[0, 3, 4, 5, 6, 7, 8, 9, 10, 11, 13, 14, 15, 19, 21]
5	GGGGCGGCCCAGGAAGCGAGTTG	192	2.3363348746653685	15	['G', 'G', 'C', 'G', 'G', 'C', 'C', 'C', 'A', 'G', 'A', 'A', 'G', 'G', 'T']	[0, 3, 4, 5, 6, 7, 8, 9, 10, 11, 13, 14, 15, 17, 21]
6	GGGGCCACCCAGGAAGCGGCTTG	164	1.9956193721100022	15	['G', 'G', 'C', 'C', 'C', 'C', 'A', 'G', 'A', 'A', 'G', 'G', 'G', 'C', 'T']	[0, 3, 4, 7, 8, 9, 10, 11, 13, 14, 15, 17, 18, 19, 21]
7	GGGGCGGCCCAGGAAGCGGGTTG	163	1.9834509613044535	16	['G', 'G', 'C', 'G', 'G', 'C', 'C', 'C', 'A', 'G', 'A', 'A', 'G', 'G', 'G', 'T']	[0, 3, 4, 5, 6, 7, 8, 9, 10, 11, 13, 14, 15, 17, 18, 21]
8	GGGGCGGCCGCGGAAGCGGCTTG	160	1.9469457288878071	15	['G', 'G', 'C', 'G', 'G', 'C', 'C', 'G', 'A', 'A', 'G', 'G', 'G', 'C', 'T']	[0, 3, 4, 5, 6, 7, 8, 11, 13, 14, 15, 17, 18, 19, 21]
9	GGGGCGGCCCCAGAAGCGGCTTG	152	1.8495984424434166	15	['G', 'G', 'C', 'G', 'G', 'C', 'C', 'C', 'A', 'A', 'G', 'G', 'G', 'C', 'T']	[0, 3, 4, 5, 6, 7, 8, 9, 13, 14, 15, 17, 18, 19, 21]
10	GGGGCGAGCCAGGAAGCGGCTTG	150	1.8252616208323191	15	['G', 'G', 'C', 'G', 'C', 'C', 'A', 'G', 'A', 'A', 'G', 'G', 'G', 'C', 'T']	[0, 3, 4, 5, 8, 9, 10, 11, 13, 14, 15, 17, 18, 19, 21]
11	GGGGGCGCCCAGGAAGCGGCTTG	150	1.8252616208323191	15	['G', 'G', 'G', 'C', 'C', 'C', 'A', 'G', 'A', 'A', 'G', 'G', 'G', 'C', 'T']	[0, 3, 6, 7, 8, 9, 10, 11, 13, 14, 15, 17, 18, 19, 21]
12	GGGGGGGCCCAGGAAGCGGCTTG	144	1.7522511559990264	16	['G', 'G', 'G', 'G', 'C', 'C', 'C', 'A', 'G', 'A', 'A', 'G', 'G', 'G', 'C', 'T']	[0, 3, 5, 6, 7, 8, 9, 10, 11, 13, 14, 15, 17, 18, 19, 21]
13	TGGAGCAGAGCAGCTTCCAGTGG	137	1.6670722803601847	0	[]	[]
14	GGGGCGGCCCAGGCTGCGGCTTG	136	1.654903869554636	15	['G', 'G', 'C', 'G', 'G', 'C', 'C', 'C', 'A', 'G', 'G', 'G', 'G', 'C', 'T']	[0, 3, 4, 5, 6, 7, 8, 9, 10, 11, 15, 17, 18, 19, 21]
15	GGGAGGGCCCAGGAAGCGGCTTG	130	1.5818934047213433	15	['G', 'G', 'G', 'C', 'C', 'C', 'A', 'G', 'A', 'A', 'G', 'G', 'G', 'C', 'T']	[0, 5, 6, 7, 8, 9, 10, 11, 13, 14, 15, 17, 18, 19, 21]
16	GGGGCGGCCCAGGATTCGGCTTG	117	1.423704064249209	15	['G', 'G', 'C', 'G', 'G', 'C', 'C', 'C', 'A', 'G', 'A', 'G', 'G', 'C', 'T']	[0, 3, 4, 5, 6, 7, 8, 9, 10, 11, 13, 17, 18, 19, 21]
17	GGGGCGGCCCAGGAAGCGGGTGG	110	1.3385251886103673	15	['G', 'G', 'C', 'G', 'G', 'C', 'C', 'C', 'A', 'G', 'A', 'A', 'G', 'G', 'G']	[0, 3, 4, 5, 6, 7, 8, 9, 10, 11, 13, 14, 15, 17, 18]
18	GGGGCGGCCCAAGAAGCGGCTTG	92	1.119493794110489	16	['G', 'G', 'C', 'G', 'G', 'C', 'C', 'C', 'A', 'A', 'A', 'G', 'G', 'G', 'C', 'T']	[0, 3, 4, 5, 6, 7, 8, 9, 10, 13, 14, 15, 17, 18, 19, 21]
19	GGGGCGGCAGAGGAAGCGGCTTG	86	1.0464833292771962	15	['G', 'G', 'C', 'G', 'G', 'C', 'A', 'G', 'A', 'A', 'G', 'G', 'G', 'C', 'T']	[0, 3, 4, 5, 6, 7, 10, 11, 13, 14, 15, 17, 18, 19, 21]
20	GGGGCGGCCCAGGAAGCCGCTTG	84	1.0221465076660987	16	['G', 'G', 'C', 'G', 'G', 'C', 'C', 'C', 'A', 'G', 'A', 'A', 'G', 'G', 'C', 'T']	[0, 3, 4, 5, 6, 7, 8, 9, 10, 11, 13, 14, 15, 18, 19, 21]
21	GGGGCGGCCCAGGAATCGGCTTG	84	1.0221465076660987	16	['G', 'G', 'C', 'G', 'G', 'C', 'C', 'C', 'A', 'G', 'A', 'A', 'G', 'G', 'C', 'T']	[0, 3, 4, 5, 6, 7, 8, 9, 10, 11, 13, 14, 17, 18, 19, 21]
22	GGGGCGGGAGAGGAAGCGGCTTG	73	0.8882939888050619	14	['G', 'G', 'C', 'G', 'G', 'A', 'G', 'A', 'A', 'G', 'G', 'G', 'C', 'T']	[0, 3, 4, 5, 6, 10, 11, 13, 14, 15, 17, 18, 19, 21]
23	GGGGCGGGACAGGAAGCGGCTTG	64	0.7787782915551228	15	['G', 'G', 'C', 'G', 'G', 'C', 'A', 'G', 'A', 'A', 'G', 'G', 'G', 'C', 'T']	[0, 3, 4, 5, 6, 9, 10, 11, 13, 14, 15, 17, 18, 19, 21]
24	GGGGCGGCCCAGGCTTCGGCTTG	61	0.7422730591384764	14	['G', 'G', 'C', 'G', 'G', 'C', 'C', 'C', 'A', 'G', 'G', 'G', 'C', 'T']	[0, 3, 4, 5, 6, 7, 8, 9, 10, 11, 17, 18, 19, 21]
25	GGGGCGACCCAGGAAGCGGCTTG	58	0.70576782672183	16	['G', 'G', 'C', 'G', 'C', 'C', 'C', 'A', 'G', 'A', 'A', 'G', 'G', 'G', 'C', 'T']	[0, 3, 4, 5, 7, 8, 9, 10, 11, 13, 14, 15, 17, 18, 19, 21]
26	GGGGCGAGACAGGAAGCGGCTTG	30	0.3650523241664638	14	['G', 'G', 'C', 'G', 'C', 'A', 'G', 'A', 'A', 'G', 'G', 'G', 'C', 'T']	[0, 3, 4, 5, 9, 10, 11, 13, 14, 15, 17, 18, 19, 21]
27	GGGGCGGCCCCAGCAGCGGCTTG	27	0.32854709174981744	14	['G', 'G', 'C', 'G', 'G', 'C', 'C', 'C', 'A', 'G', 'G', 'G', 'C', 'T']	[0, 3, 4, 5, 6, 7, 8, 9, 14, 15, 17, 18, 19, 21]
28	GGGGCGGCCCAGGAAGCGACTTG	25	0.3042102701387199	16	['G', 'G', 'C', 'G', 'G', 'C', 'C', 'C', 'A', 'G', 'A', 'A', 'G', 'G', 'C', 'T']	[0, 3, 4, 5, 6, 7, 8, 9, 10, 11, 13, 14, 15, 17, 19, 21]
29	GGGAGCACCCAGGAAGCGGCTTG	24	0.29204185933317106	13	['G', 'C', 'C', 'C', 'A', 'G', 'A', 'A', 'G', 'G', 'G', 'C', 'T']	[0, 7, 8, 9, 10, 11, 13, 14, 15, 17, 18, 19, 21]
30	GGGGGCACCCAGGAAGCGGCTTG	18	0.2190313944998783	14	['G', 'G', 'C', 'C', 'C', 'A', 'G', 'A', 'A', 'G', 'G', 'G', 'C', 'T']	[0, 3, 7, 8, 9, 10, 11, 13, 14, 15, 17, 18, 19, 21]
